<SuggestPortfolioStructure
  xmlns:xsi="http://www.w3.org/2001/XMLSchema-instance"
  xmlns:xsd="http://www.w3.org/2001/XMLSchema">
  <Purpose>Speculation</Purpose>
  <RiskLevel>50</RiskLevel>
  <IntendedInvestmentValue>
    <Value>5000.00</Value>
    <Currency>USD</Currency>
  </IntendedInvestmentValue>
  <Customer>
    <Name>John</Name>
    <Surname>Doe</Surname>
    <Citizenship>Spain</Citizenship>
    <CityOfResidence>Madrid</CityOfResidence>
  </Customer>
</SuggestPortfolioStructure>